{
  "model": "char_logreg",
  "best_params": {
    "clf__C": "10",
    "tfidf__ngram_range": "(3, 5)"
  },
  "cv_macro_f1": 0.9187,
  "macro_f1": 0.9061,
  "classification_report": {
    "account": {
      "precision": 0.9523809523809523,
      "recall": 0.8333333333333334,
      "f1-score": 0.8888888888888888,
      "support": 24.0
    },
    "delivery": {
      "precision": 0.9545454545454546,
      "recall": 0.875,
      "f1-score": 0.9130434782608695,
      "support": 24.0
    },
    "payment": {
      "precision": 0.8275862068965517,
      "recall": 1.0,
      "f1-score": 0.9056603773584906,
      "support": 24.0
    },
    "technical": {
      "precision": 0.9166666666666666,
      "recall": 0.9166666666666666,
      "f1-score": 0.9166666666666666,
      "support": 24.0
    },
    "accuracy": 0.90625,
    "macro avg": {
      "precision": 0.9127948201224063,
      "recall": 0.90625,
      "f1-score": 0.9060648527937288,
      "support": 96.0
    },
    "weighted avg": {
      "precision": 0.9127948201224063,
      "recall": 0.90625,
      "f1-score": 0.9060648527937291,
      "support": 96.0
    }
  },
  "model_comparison": {
    "char_logreg": {
      "cv_macro_f1": 0.9187,
      "best_params": {
        "clf__C": "10",
        "tfidf__ngram_range": "(3, 5)"
      }
    },
    "char_word_logreg": {
      "cv_macro_f1": 0.8901,
      "best_params": {
        "clf__C": "3"
      }
    },
    "char_svc_calibrated": {
      "cv_macro_f1": 0.9135,
      "best_params": {
        "clf__estimator__C": "3"
      }
    },
    "char_complement_nb": {
      "cv_macro_f1": 0.8766,
      "best_params": {
        "clf__alpha": "1.0"
      }
    }
  },
  "train_size": 384,
  "test_size": 96,
  "test_split": 0.2,
  "random_state": 42
}